{
  "brackets": [
    ["{", "}"],
    ["[", "]"],
    ["(", ")"]
  ],
  "autoClosingPairs": [
    ["{", "}"],
    ["[", "]"],
    ["(", ")"], {
      "open": "\"",
      "close": "\"",
      "notIn": ["string"]
    }, {
      "open": "'",
      "close": "'",
      "notIn": ["string"]
    }, {
      "open": "/**",
      "close": " */",
      "notIn": ["string"]
    }
  ],
  "surroundingPairs": [
    ["{", "}"],
    ["[", "]"],
    ["(", ")"],
    ["\"", "\""],
    ["'", "'"],
    ["<", ">"]
  ],
  "folding": {
    "offSide": false,
    "markers": {
      "start": "^\\s*//\\s*#region",
      "end": "^\\s*//\\s*#endregion"
    }
  },
  "comments": {
    "lineComment": "//",
    "blockComment": ["/*", "*/"]
  }
}