{
  "languages": [
    {
      "grammar": "textmate/java/syntaxes/java.tmLanguage.json",
      "name": "java",
      "scopeName": "source.java",
      "languageConfiguration": "textmate/java/language-configuration.json"
    },
    {
      "grammar": "textmate/kotlin/syntaxes/kotlin.tmLanguage",
      "name": "kotlin",
      "scopeName": "source.kotlin",
      "languageConfiguration": "textmate/kotlin/language-configuration.json"
    },
    {
      "grammar": "textmate/smali/syntaxes/smali.tmLanguage.json",
      "name": "smali",
      "scopeName": "source.smali",
      "languageConfiguration": "textmate/smali/language-configuration.json"
    }
  ]
}